Year,Series,Value
2020,Extent to which global citizenship education and education for sustainable development are mainstreamed in curricula,0.7
2020,Extent to which global citizenship education and education for sustainable development are mainstreamed in national education policies,0.8
2020,Extent to which global citizenship education and education for sustainable development are mainstreamed in student assessment,0.9
2020,Extent to which global citizenship education and education for sustainable development are mainstreamed in teacher education,0.9
